,,,,,,,,,,,,,,,,,,,
,,,,,,,,,,,,,,,,,,,
,,,,,,,,,,,,,,,,,,,
,,,,,,,,,,,,,,,,,,,
,,,,,,,,,,,,,,,,,,,
,,,,,,,,,,,,,,,,,,,
,,,,,,,,,,,,,,,,,,,
,,Read Threads,,,,,,,,,,,,,,,,,
,,20000,30000,32500,32657,32735,32744,32746,32747,32748,32750,32755,32774,32793,32813,33175,32750,35000,40000
,,Runs,Runs,Runs,Runs,Runs,Runs,Runs,Runs,Runs,Seg Fault,Seg Fault,Seg Fault,Seg Fault,Seg Fault,Seg Fault,Seg Fault,Seg Fault,Seg fault
,,,,,,,,,,,,,,,,,,,
,,Write Threads,,,,,,,,,,,,,,,,,
,,400,410,415,417,418,420,425,450,,,,,,,,,,
,,Runs,Runs,Runs,Runs,Seg Fault,Seg Fault,Seg Fault,Seg Fault,,,,,,,,,,
,,,,'8/10’,,,'9/10’,'9/10’,,,,,,,,,,,
